<?xml version="1.0" encoding="UTF-8"?>
<!DOCTYPE mapper PUBLIC "-//mybatis.org//DTD Mapper 3.0//EN" "http://mybatis.org/dtd/mybatis-3-mapper.dtd">
<mapper namespace="com.example.yin.dao.AdminMapper">
  <resultMap id="BaseResultMap" type="com.example.yin.domain.Admin">
    <id column="id" jdbcType="INTEGER" property="id" />
    <result column="name" jdbcType="VARCHAR" property="name" />
    <result column="password" jdbcType="VARCHAR" property="password" />
  </resultMap>
  <sql id="Base_Column_List">
    id, name, password
  </sql>

  <select id="verifyPassword" resultType="java.lang.Integer">
    SELECT count(*) FROM admin where name = #{0} and password = #{1} ;
  </select>

  <select id="selectByPrimaryKey" parameterType="java.lang.Integer" resultMap="BaseResultMap">
    select
    <include refid="Base_Column_List" />
    from admin
    where id = #{id,jdbcType=INTEGER}
  </select>

  <delete id="deleteByPrimaryKey" parameterType="java.lang.Integer">
    delete from admin
    where id = #{id,jdbcType=INTEGER}
  </delete>

  <insert id="insert" parameterType="com.example.yin.domain.Admin">
    insert into admin (id, name, password)
    values (#{id,jdbcType=INTEGER}, #{name,jdbcType=VARCHAR}, #{password,jdbcType=VARCHAR})
  </insert>
  <insert id="insertSelective" parameterType="com.example.yin.domain.Admin">
    insert into admin
    <trim prefix="(" suffix=")" suffixOverrides=",">
      <if test="id != null">
        id,
      </if>
      <if test="name != null">
        name,
      </if>
      <if test="password != null">
        password,
      </if>
    </trim>
    <trim prefix="values (" suffix=")" suffixOverrides=",">
      <if test="id != null"> #{id,jdbcType=INTEGER},
      </if>
      <if test="name != null"> #{name,jdbcType=VARCHAR},
      </if>
      <if test="password != null"> #{password,jdbcType=VARCHAR},
      </if>
    </trim>
  </insert>
  
  <update id="updateByPrimaryKeySelective" parameterType="com.example.yin.domain.Admin">
    update admin
    <set>
      <if test="name != null">
        name = #{name,jdbcType=VARCHAR},
      </if>
      <if test="password != null">
        password = #{password,jdbcType=VARCHAR},
      </if>
    </set>
    where id = #{id,jdbcType=INTEGER}
  </update>
  <update id="updateByPrimaryKey" parameterType="com.example.yin.domain.Admin">
    update admin
    set name = #{name,jdbcType=VARCHAR},
      password = #{password,jdbcType=VARCHAR}
    where id = #{id,jdbcType=INTEGER}
  </update>
</mapper>
