<?xml version="1.0" encoding="UTF-8" ?>
<!DOCTYPE generatorConfiguration PUBLIC
        "-//mybatis.org//DTD MyBatis Generator Configuration 1.0//EN"
        "http://mybatis.org/dtd/mybatis-generator-config_1_0.dtd" >
<generatorConfiguration>

  <!-- 本地数据库驱动程序jar包的全路径 -->
  <classPathEntry location="/Users/hongweiyin/Documents/github-workspace/music-website/music-server/src/main/resources/mysql-connector-java-8.0.13.jar"/>

  <context id="context" targetRuntime="MyBatis3">
    <commentGenerator>
      <property name="suppressAllComments" value="false"/>
      <property name="suppressDate" value="true"/>
    </commentGenerator>

    <!-- 数据库的相关配置 -->
    <jdbcConnection driverClass="com.mysql.jdbc.Driver" connectionURL="jdbc:mysql://localhost:3306/tp_music?serverTimezone=Asia/Shanghai&amp;nullCatalogMeansCurrent=true" userId="root" password="1026"/>

    <javaTypeResolver>
      <property name="forceBigDecimals" value="false"/>
    </javaTypeResolver>

    <!-- 实体类生成的位置 -->
    <javaModelGenerator targetPackage="com.example.yin.domain" targetProject="src/main/java">
      <property name="enableSubPackages" value="true"/>
      <property name="trimStrings" value="true"/>
    </javaModelGenerator>

    <!-- *Mapper.xml 文件的位置 -->
    <sqlMapGenerator targetPackage="mapper" targetProject="src/main/resources">
      <property name="enableSubPackages" value="false"/>
    </sqlMapGenerator>

    <!-- Mapper 接口文件的位置 -->
    <javaClientGenerator targetPackage="com.example.yin.dao" targetProject="src/main/java" type="XMLMAPPER">
      <property name="enableSubPackages" value="false"/>
    </javaClientGenerator>

    <!--相关表的配置 -->
    <table tableName="admin" domainObjectName="Admin" enableCountByExample="false" enableDeleteByExample="false" enableSelectByExample="false" enableUpdateByExample="false"/>
    <table tableName="collect" domainObjectName="Collect" enableCountByExample="false" enableDeleteByExample="false" enableSelectByExample="false" enableUpdateByExample="false"/>
    <table tableName="comment" domainObjectName="Comment" enableCountByExample="false" enableDeleteByExample="false" enableSelectByExample="false" enableUpdateByExample="false"/>
    <table tableName="consumer" domainObjectName="Consumer" enableCountByExample="false" enableDeleteByExample="false" enableSelectByExample="false" enableUpdateByExample="false"/>
    <table tableName="list_song" domainObjectName="ListSong" enableCountByExample="false" enableDeleteByExample="false" enableSelectByExample="false" enableUpdateByExample="false"/>
    <table tableName="rank_list" domainObjectName="RankList" enableCountByExample="false" enableDeleteByExample="false" enableSelectByExample="false" enableUpdateByExample="false"/>
    <table tableName="singer" domainObjectName="Singer" enableCountByExample="false" enableDeleteByExample="false" enableSelectByExample="false" enableUpdateByExample="false"/>
    <table tableName="song" domainObjectName="Song" enableCountByExample="false" enableDeleteByExample="false" enableSelectByExample="false" enableUpdateByExample="false"/>
    <table tableName="song_list" domainObjectName="SongList" enableCountByExample="false" enableDeleteByExample="false" enableSelectByExample="false" enableUpdateByExample="false"/>

  </context>
</generatorConfiguration>
